exterior,C1
cloak,C1
timid,C1
reluctantly,C1
complexity,C1
concur,C1
avid,C1
marvel,C1
wing,C1
enviable,C1
organizational,C1
psychiatrist,C1
psychiatric,C1
clinical,C1
corps,C1
forensic,C1
juvenile,C1
juvenile,C1
jurisdiction,C1
accustomed,C1
trauma,C1
traumatic,C1
constraint,C1
revealing,C1
eccentric,C1
sanctity,C1
conform,C1
norms,C1
quirk,C1
oddity,C1
compel,C1
compulsion,C1
conceive,C1
conceivable,C1
assertion,C1
individuality,C1
psyche,C1
conformity,C1
unconventional,C1
congregate,C1
rally,C1
resent,C1
self-conscious,C1
wary,C1
stoke,C1
dynamically,C1
hostess,C1
perpetuate,C1
naturalness,C1
exhibitionist,C1
isolate,C1
isolated,C1
humble,C1
humble,C1
refreshingly,C1
effortless,C1
vegetation,C1
brief,C1
respite,C1
suffice,C1
purity,C1
gruelling,C1
cast,C1
cast,C1
cast,C1
comprise,C1
plaster,C1
plaster,C1
darkroom,C1
induct,C1
induction,C1
stock,C1
fossil,C1
geological,C1
geologically,C1
house,C1
specimen,C1
enormously,C1
gem,C1
explanatory,C1
vertical,C1
knowledgeable,C1
ordinarily,C1
hanging,C1
hanging,C1
tomb,C1
formulate,C1
resin,C1
sacrifice,C1
sacrifice,C1
cleanly,C1
endorsement,C1
stretching,C1
continuity,C1
shambles,C1
claustrophobic,C1
claustrophobia,C1
headstrong,C1
tact,C1
tactful,C1
tactfully,C1
blister,C1
blister,C1
sponsorship,C1
ego,C1
class,C1
saloon,C1
lap,C1
beforehand,C1
slob,C1
coverage,C1
unplug,C1
gadget,C1
rediscover,C1
subtly,C1
brainwash,C1
brainwashing,C1
implicate,C1
craft,C1
malfunction,C1
dependent,C1
wayside,C1
expire,C1
con,C1
con,C1
puzzle,C1
damply,C1
ghostly,C1
carrier,C1
washtub,C1
apt,C1
apt to,C1
portable,C1
portable,C1
ornamental,C1
placid,C1
placidly,C1
unmanageable,C1
appliance,C1
relinquish,C1
tedious,C1
tedium,C1
exert,C1
extortion,C1
alleviate,C1
elaborate,C1
elaborate,C1
elaboration,C1
detest,C1
detestable,C1
suds,C1
agreeable,C1
prowl,C1
speculate,C1
speculation,C1
speculative,C1
peacock,C1
disdain,C1
reenact,C1
torment,C1
torment,C1
extravagance,C1
exploit,C1
exploitation,C1
mechanism,C1
hence,C1
offspring,C1
implicate,C1
fit,C1
oblige,C1
drive,C1
drive,C1
collaborate,C1
collaborator,C1
collaboration,C1
collaborative,C1
showy,C1
wrangle,C1
premise,C1
advantageous,C1
parasite,C1
fanciful,C1
poise,C1
customary,C1
insightful,C1
notable,C1
vicious,C1
viciously,C1
pupil,C1
withdrawn,C1
withdrawal,C1
torturous,C1
depict,C1
depiction,C1
upheaval,C1
shortlist,C1
shortlist,C1
uneventful,C1
pertinent,C1
pertain to,C1
daydream,C1
daydream,C1
protagonist,C1
simplicity,C1
blockbuster,C1
resonate,C1
sequel,C1
irony,C1
acidic,C1
align,C1
alignment,C1
manipulation,C1
suitor,C1
deceit,C1
alienate,C1
persuasively,C1
compel,C1
confinement,C1
minutiae,C1
peasant,C1
inexplicable,C1
inexplicably,C1
pigeon,C1
harass,C1
harassment,C1
believably,C1
readable,C1
cleverness,C1
persecute,C1
persecution,C1
smug,C1
smugly,C1
ferocious,C1
ferociously,C1
hostile,C1
hostility,C1
dismay,C1
dismay,C1
methodical,C1
ruthless,C1
ruthlessness,C1
talkative,C1
awe,C1
clan,C1
privileged,C1
crumble,C1
crumb,C1
pace,C1
closeness,C1
rarity,C1
evoke,C1
repel,C1
repellant,C1
repellant,C1
aqua,C1
aquarium,C1
insightful,C1
insightfully,C1
flashback,C1
self-worth,C1
agonize,C1
cite,C1
citation,C1
recite,C1
ecstasy,C1
ecstatic,C1
ecstatically,C1
pleasurable,C1
nature,C1
substantially,C1
favorably/favourably,C1
diversity,C1
elitist,C1
grumble,C1
rumble,C1
rumble,C1
neglectful,C1
roundup,C1
conscientious,C1
conscientiously,C1
indefinite,C1
indefinitely,C1
atmospheric,C1
fuse,C1
fusion,C1
robust,C1
robustly,C1
dismal,C1
dismally,C1
crave,C1
craving,C1
prospective,C1
swap,C1
remotely,C1
splatter,C1
automatic,C1
automatically,C1
exhaust,C1
violet,C1
bubbly,C1
chaotically,C1
apprehensive,C1
settee,C1
trampoline,C1
stamina,C1
ploy,C1
dither,C1
overalls,C1
unison,C1
snail,C1
bliss,C1
inexhaustible,C1
acre,C1
calf,C1
heifer,C1
ewe,C1
adversary,C1
victorious,C1
victoriously,C1
profound,C1
profoundly,C1
baldly,C1
bald,C1
bearded,C1
professionalism,C1
artistically,C1
popularization,C1
pendulum,C1
predecessor,C1
boast,C1
lapse,C1
ceaseless,C1
ceaselessly,C1
climax,C1
climactic,C1
anticlimactic,C1
scramble,C1
forfeit,C1
twitch,C1
twitch,C1
intellect,C1
descent,C1
shed,C1
exodus,C1
immortalize,C1
genome,C1
fraction,C1
faction,C1
physique,C1
utensil,C1
otter,C1
clammy,C1
absolute,C1
dispense,C1
dispensable,C1
dispensary,C1
indispensable,C1
diverge,C1
divergence,C1
divergent,C1
burst,C1
superficial,C1
superficially,C1
aesthetic,C1
aesthetically,C1
scrutinize/scrutinise,C1
scrutiny,C1
quip,C1
quip,C1
woo,C1
criteria,C1
plausible,C1
plausibility,C1
plausibly,C1
instinctive,C1
instinctively,C1
stylistic,C1
stylistically,C1
inheritance,C1
inherent,C1
inherently,C1
tune,C1
spontaneous,C1
spontaneously,C1
honk,C1
honk,C1
goose,C1
innovate,C1
innovation,C1
innovative,C1
connoisseur,C1
abstraction,C1
tantrum,C1
institute,C1
discard,C1
fatality,C1
angle,C1
stiffen,C1
wooded,C1
hostile,C1
hostility,C1
flatter,C1
flattery,C1
aimless,C1
aimlessly,C1
meaningless,C1
meaninglessly,C1
candid,C1
candidly,C1
vitality,C1
provoke,C1
provocative,C1
provocatively,C1
clench,C1
haggle,C1
scorn,C1
scornful,C1
scornfully,C1
animatedly,C1
obscure,C1
obscure,C1
obscurely,C1
elevate,C1
elevation,C1
pose,C1
tedious,C1
tediously,C1
succession,C1
formality,C1
jog,C1
mountaineer,C1
pioneer,C1
pioneer,C1
quest,C1
transatlantic,C1
rudiments,C1
rudimentary,C1
paddle,C1
immense,C1
immensely,C1
advisory,C1
trying,C1
adrenaline,C1
tinker,C1
tinker,C1
lavatory,C1
expedition,C1
pinnacle,C1
insecure,C1
insecurely,C1
reassure,C1
reassurance,C1
insensitive,C1
insensitively,C1
profess,C1
drawback,C1
resort,C1
resort,C1
oversee,C1
overseer,C1
estimation,C1
commission,C1
commission,C1
liaison,C1
stressfully,C1
loom,C1
notwithstanding,C1
structurally,C1
structural,C1
chauffer,C1
chauffer,C1
sedentary,C1
rapport,C1
landscape,C1
consultation,C1
consultancy,C1
bloom,C1
engineer,C1
retention,C1
quarry,C1
specification,C1
contract,C1
contract,C1
contractor,C1
query,C1
possessor,C1
chill,C1
chill,C1
chilly,C1
frost,C1
frosty,C1
frostily,C1
man,C1
unmanned,C1
impersonal,C1
impersonally,C1
impersonate,C1
impersonator,C1
impersonation,C1
buzzer,C1
desert,C1
desertion,C1
unoccupied,C1
stuffy,C1
stuffily,C1
stuffiness,C1
gape,C1
gape,C1
repute,C1
toughness,C1
recall,C1
recollection,C1
plumbing,C1
usher,C1
glum,C1
glumly,C1
gamely,C1
dissect,C1
dissection,C1
commend,C1
commendation,C1
thereby,C1
flick,C1
flicker,C1
unenviable,C1
unenviably,C1
voice,C1
tread,C1
allege,C1
allegation,C1
bribe,C1
bribe,C1
bribery,C1
inclusion,C1
inclusive,C1
inclusively,C1
unconvincing,C1
unconvincingly,C1
recharge,C1
facilitation,C1
condition,C1
conditional,C1
conditionally,C1
tone,C1
align,C1
alignment,C1
supple,C1
manicure,C1
manicure,C1
pedicure,C1
facial,C1
facial,C1
bouquet,C1
refurbish,C1
refurbishment,C1
grounds,C1
grounds,C1
grounds,C1
ground,C1
lethargy,C1
lethargic,C1
lethargically,C1
stately,C1
conserve,C1
conservatory,C1
disquieting,C1
fiercely,C1
grapefruit,C1
exotic,C1
exotically,C1
flask,C1
spacious,C1
gourmet,C1
gourmet,C1
rich,C1
conjure,C1
creamy,C1
sauna,C1
remedial,C1
posture,C1
sedate,C1
sedately,C1
sedate,C1
clutch,C1
clutch,C1
stagger,C1
staggering,C1
dutiful,C1
dutifully,C1
calorie,C1
firm,C1
fabulously,C1
premise,C1
premises,C1
eclectic,C1
eclectic,C1
eclectically,C1
revere,C1
harbor/harbour,C1
recognizable/recognisable,C1
recognizably/recognisably,C1
batter,C1
battery,C1
batter,C1
batter,C1
unreliably,C1
waterfront,C1
amply,C1
amplification,C1
battered,C1
battered,C1
comply,C1
compliance,C1
compliant,C1
compliantly,C1
blankness,C1
exuberant,C1
exuberance,C1
exuberantly,C1
linear,C1
linearly,C1
flourish,C1
flourish,C1
anchor,C1
anchored,C1
domination,C1
dominant,C1
dominantly,C1
interject,C1
interjection,C1
gush,C1
gushing,C1
gush,C1
gushingly,C1
voracious,C1
voraciously,C1
sketchbook,C1
sketch,C1
prop,C1
prop,C1
imp,C1
impish,C1
impishly,C1
wicked,C1
wickedly,C1
macabre,C1
gusto,C1
tantamount,C1
antics,C1
lapse,C1
lapse,C1
relapse,C1
relapse,C1
impede,C1
impediment,C1
taut,C1
tautly,C1
jersey,C1
jersey,C1
startling,C1
startlingly,C1
slack,C1
slack,C1
slack,C1
slackly,C1
unwavering,C1
unwaveringly,C1
removed,C1
buffoon,C1
beguiling,C1
beguilingly,C1
blithely,C1
stray,C1
stray,C1
stray,C1
mythological,C1
mythology,C1
venerate,C1
veneration,C1
ethical,C1
ethically,C1
heroine,C1
refreshing,C1
refresh,C1
refreshingly,C1
zany,C1
devotee,C1
salve,C1
salvation,C1
salvage,C1
staccato,C1
staccato,C1
verve,C1
motley,C1
preach,C1
preacher,C1
behind,C1
continuity,C1
justly,C1
wry,C1
wryly,C1
poetess,C1
confide,C1
sentient,C1
sentiment,C1
sentimental,C1
sentimentally,C1
tangle,C1
tangle,C1
tangled,C1
untangle,C1
untangled,C1
perceptive,C1
perceptively,C1
outset,C1
tycoon,C1
launch,C1
engross,C1
engrossing,C1
plague,C1
orphan,C1
detritus,C1
detriment,C1
detrimental,C1
detrimentally,C1
domestically,C1
domesticate,C1
domestication,C1
eccentric,C1
eccentric,C1
eccentrically,C1
render,C1
rendering,C1
pathos,C1
tailor,C1
tailor,C1
personalize/personalise,C1
personalization/personalisation,C1
personification,C1
limitless,C1
apprentice,C1
apprentice,C1
apprenticeship,C1
precision,C1
swap,C1
swap,C1
perfect,C1
silhouette,C1
nondescript,C1
signal,C1
negligible,C1
negligent,C1
negligently,C1
principally,C1
altruism,C1
altruistic,C1
scenario,C1
voluntary,C1
voluntarily,C1
reap,C1
paternal,C1
maternal,C1
maternalistic,C1
paternalistic,C1
provisions,C1
injustice,C1
impoverished,C1
unsustainable,C1
unsustainably,C1
sustainable,C1
sustainably,C1
bypass,C1
imperative,C1
imperative,C1
cynic,C1
cynical,C1
cynically,C1
cynicism,C1
sarcasm,C1
sarcastic,C1
sarcastically,C1
misplace,C1
symptomatic,C1
degrade,C1
degrading,C1
degradation,C1
discourse,C1
amid,C1
hedgehog,C1
nocturnal,C1
hibernate,C1
hibernation,C1
convict,C1
convict,C1
conviction,C1
latent,C1
snooze,C1
classy,C1
wrench,C1
reminisce,C1
reminiscent,C1
intuit,C1
intuition,C1
intuitive,C1
intuitively,C1
marginal,C1
marginally,C1
crude,C1
crudely,C1
strap,C1
strap,C1
strapping,C1
scoff,C1
fiddly,C1
fiddler,C1
fiddle,C1
fiddle,C1
unmusical,C1
unmusically,C1
repertory,C1
concerto,C1
premier,C1
premier,C1
fanatic,C1
fanatic,C1
fanatically,C1
acoustically,C1
acoustic,C1
acoustics,C1
compromised,C1
daunt,C1
daunting,C1
realist,C1
realism,C1
recess,C1
recess,C1
recessive,C1
prolific,C1
prolifically,C1
proliferate,C1
fragmentation,C1
campaign,C1
astray,C1
duration,C1
durable,C1
durable,C1
likelihood,C1
naive,C1
naively,C1
naivety,C1
impervious,C1
ludicrous,C1
ludicrously,C1
cost-effective,C1
gruesome,C1
gruesomely,C1
envisage,C1
screenwriter,C1
mingle,C1
churn,C1
buffer,C1
buffer,C1
irate,C1
irately,C1
docile,C1
docilely,C1
fiend,C1
fiendish,C1
fiendishly,C1
transfix,C1
gypsy,C1
temperament,C1
temperamental,C1
temperamentally,C1
screenplay,C1
disillusionment,C1
demise,C1
raunchy,C1
raunchily,C1
overdraft,C1
overdraft,C1
synopsis,C1
renown,C1
contest,C1
contested,C1
verandah,C1
occupational,C1
verdict,C1
ventilate,C1
ventilation,C1
occupant,C1
radiator,C1
homely,C1
bureaucratic,C1
bureaucratically,C1
adjustable,C1
fatigue,C1
muscular,C1
versatile,C1
versatility,C1
stimuli,C1
uninspiring,C1
mutually,C1
somber/sombre,C1
somberly/sombrely,C1
clutter,C1
clutter,C1
lodge,C1
dislodge,C1
carpenter,C1
carpentry,C1
transit,C1
plummet,C1
circulate,C1
circulation,C1
demography,C1
demographic,C1
demographic,C1
demographically,C1
phenomenal,C1
phenomenally,C1
prophet,C1
prophetic,C1
paywall,C1
firewall,C1
launch,C1
invoice,C1
demolition,C1
demo,C1
gig,C1
socialization,C1
antiquity,C1
antiquated,C1
restoration,C1
restorative,C1
rotate,C1
till,C1
coupled,C1
itinerary,C1
charter,C1
charter,C1
terrain,C1
resilient,C1
resilience,C1
enterprising,C1
integral,C1
canoe,C1
magnetic,C1
magnetism,C1
magnetically,C1
credible,C1
credibly,C1
credibility,C1
credential,C1
acutely,C1
prohibitive,C1
prohibitively,C1
fissure,C1
pendulum,C1
pendulous,C1
suspension,C1
aboard,C1
drill,C1
drill,C1
anthropology,C1
anthropologist,C1
squander,C1
munch,C1
adjoin,C1
adjoining,C1
wizened,C1
graft,C1
orchard,C1
seedling,C1
tract,C1
folktale,C1
sprout,C1
sprout,C1
hypocrisy,C1
hypocrite,C1
hypocritical,C1
hypocritically,C1
midwife,C1
harvest,C1
commercially,C1
uniformity,C1
numb,C1
numb,C1
tastebud,C1
amateur,C1
amateur,C1
retrace,C1
chart,C1
insubordinate,C1
insubordination,C1
insubordinately,C1
subordinate,C1
primitively,C1
embark,C1
expedite,C1
contextual,C1
contextually,C1
whilst,C1
maneuver/manoeuvre,C1
maneuver/manoeuvre,C1
riveting,C1
plunge,C1
plunge,C1
debut,C1
debut,C1
turmoil,C1
scathing,C1
unscathing,C1
convoluted,C1
undaunted,C1
gutsy,C1
deprivation,C1
farce,C1
portray,C1
portrayal,C1
elusive,C1
elude,C1
incisor,C1
incision,C1
chisel,C1
chiselled,C1
gnaw,C1
elongate,C1
telltale,C1
cavity,C1
rustle,C1
rustle,C1
glean,C1
niche,C1
somersault,C1
somersault,C1
exhilarate,C1
exhilarating,C1
exhilaration,C1
physicality,C1
hack,C1
hack,C1
lust,C1
unsettling,C1
unsettle,C1
suburban,C1
suburbia,C1
dramatist,C1
characterization/characterisation,C1
quirky,C1
quirky,C1
sprawl,C1
sprawl,C1
ingenuity,C1
panorama,C1
panoramic,C1
benign,C1
benignly,C1
explosively,C1
bequeath,C1
legacy,C1
synthetic,C1
synthetically,C1
lackluster/lacklustre,C1
elastic,C1
elastic,C1
appall/appal,C1
appalling,C1
appallingly,C1
pounce,C1
abound,C1
sap,C1
monotonous,C1
monotonously,C1
monotony,C1
turn to ,C1
ingenious,C1
plaque,C1
neutralize/neutralise,C1
neutralization/neutralisation,C1
salivate,C1
cessation,C1
remorse,C1
remorseless,C1
remorsefully,C1
remorselessly,C1
inexcusable,C1
inexcusably,C1
inexhaustible,C1
unassisted,C1
heighten,C1
fixture,C1
bulk,C1
bulky,C1
bulk up,C1
digitalize/digitalise,C1
digitalization/digitalisation,C1
mark-up,C1
complementary,C1
complimentary,C1
staple,C1
wares,C1
testament,C1
succulent,C1
succulent,C1
succulently,C1
tranquil,C1
tranquility,C1
spartan,C1
peninsula,C1
billiards,C1
exude,C2
envisage,C2
headmistress,C2
mien,C2
timidity,C2
unravel,C2
concurrence,C2
unpromising,C2
teem,C2
marvel,C2
outpatient,C2
corpse,C2
apprentice,C2
constrained,C2
quirk,C2
indignant,C2
indignantly,C2
eccentricity,C2
locomotive,C2
locomotion,C2
individualism,C2
enthuse,C2
belligerent,C2
belligerence,C2
stoicism,C2
deliberate,C2
recluse,C2
reclusive,C2
metalled,C2
brief,C2
oblique,C2
facsimile,C2
shamble,C2
whir,C2
blight,C2
blight,C2
puritanical,C2
brood,C2
brood,C2
disdainful,C2
zoologist,C2
zoology,C2
encumbrance,C2
encumber,C2
hypothesis,C2
hypothesize,C2
hypothetical,C2
parasitic,C2
plumage,C2
utilitarian,C2
utilize,C2
utility,C2
predilection,C2
commensurate,C2
commensurately,C2
vindicate,C2
vindication,C2
parable,C2
poise,C2
minster,C2
wrack,C2
ironic,C2
predecessor,C2
ally,C2
callous,C2
callously,C2
derelict,C2
derelict,C2
materialism,C2
materialistic,C2
ferocity,C2
utter,C2
utter,C2
evokingly,C2
recitation,C2
equable,C2
extant,C2
denounce,C2
denunciation,C2
echo,C2
echo,C2
echo,C2
requisition,C2
substantiate,C2
inscrutable,C2
stratosphere,C2
indulge,C2
indulgence,C2
indulgently,C2
laudatory,C2
laud ,C2
glitz,C2
glitzy,C2
automate,C2
apprehend,C2
athleticism,C2
daunt,C2
daunting,C2
acreage,C2
affectation,C2
imposition,C2
circuit,C2
stipulate,C2
stipulation,C2
allot,C2
allotment,C2
anticlimactically,C2
forfeiture,C2
blitz,C2
blitz,C2
primeval,C2
tenacity,C2
tenacious,C2
tenaciously,C2
exact,C2
genomic,C2
genomically,C2
capacious,C2
utilitarian,C2
utilization/utilisation,C2
unequivocal,C2
unequivocally,C2
spontaneity,C2
provocation,C2
portraiture,C2
tedium,C2
succeed,C2
circumnavigate,C2
circumnavigation,C2
liaise,C2
contractual,C2
contractually,C2
repute,C2
abject,C2
sheaf,C2
articulation,C2
articulate,C2
spurious,C2
spuriously,C2
posture,C2
calorific,C2
fabulate,C2
fabulation,C2
octogenarian,C2
voracity,C2
brandish,C2
repose,C2
repose,C2
encumber,C2
encumbrance,C2
unencumbered,C2
buffoonery,C2
gauche,C2
domesticity,C2
accrue,C2
proliferation,C2
blandishment,C2
pluck,C2
anthropological,C2
anthropologically,C2
carbonize/carbonise,C2
monastic,C2
graft,C2
midwifery,C2
adornment,C2
adorn,C2
idle,C2
conjecture,C2
conjecture,C2
malleable,C2
malleability,C2
ore,C2
gale,C2
promenade,C2
testimonial,C2
distill,C2
distillation,C2
informant,C2
vis-a-vis,C2
overlay,C2
nostalgia,C2
nostalgic,C2
nostalgically,C2
grievance,C2
deprivation,C2
residue,C2
residual,C2
physiological,C2
physiologically,C2
familiarize/familiarise,C2
methodology,C2
methodological,C2
methodologically,C2
proportional,C2
proportionally,C2
habitation,C2
inartistic,C2
ornate,C2
modernism,C2
presuppose,C2
presupposition,C2
centralized/centralised,C2
envisage,C2
contextual,C2
contextually,C2
transmitter,C2
regulatory,C2
archival,C2
diffuse,C2
diffuse,C2
egalitarian,C2
egalitarian,C2
hindsight,C2
materialize/materialise,C2
materialization/materialisation,C2
disperse,C2
dispersal,C2
adverse,C2
adversely,C2
stabilize/stabilise,C2
pervasive,C2
pervasiveness,C2
secure,C2
autonomous,C2
autonomously,C2
outmoded,C2
phase,C2
plum,C2
notorious,C2
notoriously,C2
notoriety,C2
menial,C2
insular,C2
antidote,C2
posture,C2
postural,C2
posturing,C2
revelatory,C2
prostrate,C2
prostrate,C2
haphazard,C2
haphazardly,C2
deficient,C2
deficiently,C2
deficit,C2
delicatessen,C2
muscle-bound,C2
dive,C2
maneuver/manoeuvre,C2
maneuver/manoeuvre,C2
posit,C2
cocoon,C2
chrysalis,C2
ignominious,C2
ignominiously,C2
euphoria,C2
euphoric,C2
euphorically,C2
relegate,C2
succumb,C2
treacherous,C2
treacherously,C2
treachery,C2
maggot,C2
palate,C2
palatable,C2
hermit,C2
hermetic,C2
irrelevancy,C2
mariner,C2
rift,C2
mere,C2
helm,C2
autopilot,C2
eminence,C2
eminent,C2
preeminent,C2
mold/mould,C2
unsuspected,C2
abolish,C2
paralyze/paralyse,C2
paralysis,C2
paralyzingly/paralysingly,C2
glory in,C2
decentralize/decentralise,C2
preoccupation,C2
preoccupy,C2
prolong,C2
audit,C2
audit,C2
drudgery,C2
pressurize,C2
pressurization,C2
intermediary,C2
hotelier,C2
denote,C2
denotation,C2
profitability,C2
jargon,C2
declination,C2
vocational,C2
spatial,C2
spatially,C2
punctual,C2
punctuality,C2
integration,C2
curriculum,C2
extracurricular,C2
extracurricular,C2
encompass,C2
all-encompassing,C2
accountability,C2
frolic,C2
minefield,C2
side-step,C2
abundant,C2
abundantly,C2
abundance,C2
anarchic,C2
crystallize/crystallise,C2
crystallization/crystallisation,C2
prescriptive,C2
slab,C2
retrospect,C2
retrospective,C2
retrospection,C2
wordage,C2
brevity,C2
uncanny,C2
tactic,C2
tactical,C2
tactically,C2
tactile,C2
gambit,C2
babble,C2
bauble,C2
correlate,C2
correlation,C2
correlate,C2
combustion,C2
painstaking,C2
painstakingly,C2
contraption,C2
mesh,C2
enabler,C2
fluctuate,C2
fluctuation,C2
lyricist,C2
lyrical,C2
lyrically,C2
bona fide,C2
moribund,C2
perch,C2
perch,C2
perch,C2
solicit,C2
vocalist,C2
philanthropy,C2
philanthropist,C2
philanthropic,C2
philanthropically,C2
precocious,C2
precociously,C2
wordsmith,C2
connote,C2
connotation,C2
herald,C2
herald,C2
philistine,C2
innuendo,C2
induce,C2
inducement,C2
anthology,C2
lament,C2
lamentation,C2
conduit,C2
chronology,C2
chronological,C2
chronologically,C2
equilibrium,C2
rebound,C2
rebound,C2
proposition,C2
flagging,C2
electrode,C2
caffeinate,C2
cosmic,C2
interlude,C2
haven,C2
beneficiary,C2
recuperate,C2
recuperation,C2
recuperative,C2
cultish,C2
seismic,C2
irrevocably,C2
irrevocable,C2
slither,C2
unnerve,C2
unnerving,C2
unnervingly,C2
protrude,C2
protrusion,C2
qualitative,C2
procedural,C2
procedural,C2
demystify,C2
demystification,C2
proprietary,C2
proprietorial,C2
tantamount,C2
floodgates,C2
imperceptible,C2
imperceptibly,C2
hapless,C2
catastrophic,C2
catastrophically,C2
commission,C2
commission,C2
wayward,C2
blurb,C2
provincial,C2
indolent,C2
indolently,C2
indolence,C2
taste-maker,C2
deviant,C2
deviant,C2
deviantly,C2
engender,C2
emolument,C2
munificence,C2
posterity,C2
venomous,C2
venomously,C2
choreography,C2
choreographical,C2
archetype,C2
archetypal,C2
dissension,C2
exalted,C2
exaltedly,C2
adept,C2
adept,C2
inert,C2
hitherto,C2
angst,C2
angsty,C2
drabness,C2
melodious,C2
melodiously,C2
magpie,C2
lark,C2
lark,C2
melancholy,C2
melancholy,C2
meteorology,C2
meteorological,C2
brink,C2
unsurpassed,C2
loiter,C2
topple,C2
intrinsic,C2
intrinsically,C2
merit,C2
merit,C2
promotable,C2
clinch,C2
anonymity,C2
splinter,C2
reproach,C2
disseminate,C2
dissemination,C2
dissemble,C2
mangle,C2
bereft,C2
bereftly,C2
soliloquy,C2
solipsism,C2
soliloquize,C2
mutinous,C2
mutinously,C2
prissy,C2
reptilian,C2
diminish,C2
undiminishing,C2
contagion,C2
homestead,C2
computerize/computerise,C2
incumbent,C2
incumbent,C2
recumbent,C2
nonchalant,C2
nonchalantly,C2
mesmeric,C2
stultify,C2
stultifyingly,C2
wallow,C2
ponderous,C2
ponderously,C2
lassitude,C2
vicinity,C2
ebb,C2
wax,C2
wane,C2
antediluvian,C2
ostensible,C2
ostensibly,C2
interlocking,C2
plane,C2
undemonstrative,C2
undemonstratively,C2
menace,C2
menacing,C2
menacingly,C2
calamity,C2
calamitous,C2
calamitously,C2
nigh,C2
austere,C2
austerely,C2
austerity,C2
idiosyncrasy,C2
idiosyncratic,C2
idiomatic,C2
idiomatically,C2
kinetic,C2
kinetically,C2
unmediated,C2
mediate,C2
mediation,C2
unharried,C2
figurative,C2
figuratively,C2
exorcism,C2
exorcist,C2
mundanity,C2
mediocrity,C2
dubiously,C2
curate,C2
curator,C2
antithesis,C2
antithetical,C2
parameter,C2
detract,C2
interrogate,C2
interrogation,C2
interrogative,C2
interrogatively,C2
perverse,C2
perversity,C2
attainment,C2
opaque,C2
opacity,C2
remit,C2
remittance,C2
recourse,C2
pedestal,C2
pedestrian,C2
lurid,C2
luridly,C2
fallacy,C2
rife,C2
grumble,C2
mercenary,C2
polysyllabic,C2
syllabic,C2
superfluous,C2
superfluously,C2
snippet,C2
practitioner,C2
ephemeral,C2
ephemera,C2
ephemerality,C2
summarily,C2
skim,C2
infallibly,C2
infallible,C2
infallibility,C2
depravity,C2
depraved,C2
deprecate,C2
deprecatingly,C2
revile,C2
revulsion,C2
meager/meagre,C2
arcane,C2
arcanely,C2
porten,C2
divination,C2
flit,C2
hitch,C2
prone,C2
scavenger,C2
vermin,C2
totemic,C2
emulate,C2
emulation,C2
avian,C2
vestigial,C2
vestigially,C2
barometer,C2
lament,C2
lamentation,C2
brouhaha,C2
magnate,C2
magnanimous,C2
magnanimously,C2
magnanimity,C2
whirlwind,C2
strait,C2
secular,C2
secularly,C2
euphemism,C2
euphemistic,C2
euphemistically,C2
condensation,C2
redundant,C2
redundancy,C2
redundantly,C2
colloquial,C2
colloquium,C2
colloquially,C2
allusion,C2
allude,C2
disparage,C2
disparaging,C2
disparagingly,C2
disparagement,C2
huddle,C2
huddle,C2
topography,C2
topographical,C2
topographically,C2
confabulate,C2
confabulation,C2
surrealist,C2
surrealism,C2
contrive,C2
malice,C2
malicious,C2
maliciously,C2
cinematography,C2
cinematographer,C2
maverick,C2
diligent,C2
diligence,C2
diligently,C2
turret,C2
impressionistic,C2
impressionistically,C2
snobbery,C2
parochial,C2
gravitate,C2
gravitational,C2
gravitationally,C2
consternation,C2
haughty,C2
haughtily,C2
axiom,C2
axiomatic,C2
attrition,C2
enduringly,C2
reissue,C2
sulphur,C2
sulphuric,C2
phantom,C2
moor,C2
solitary,C2
solitary,C2
solitariness,C2
solitude,C2
adhere,C2
adhesion,C2
proscribe,C2
proscription,C2
crony,C2
dribble,C2
dribble,C2
dribble,C2
ingrate,C2
prise,C2
rickety,C2
consign,C2
consignment,C2
fete,C2
dole out,C2
opulent,C2
opulence,C2
opulently,C2
plutocrat,C2
averse,C2
edify,C2
edification,C2
converse,C2
converse,C2
sterility,C2
rhetoric,C2
rhetorical,C2
rhetorically,C2
flighty,C2
flightiness,C2
brimstone,C2
impeccable,C2
impeccably,C2
romp,C2
romper,C2
meticulous,C2
meticulously,C2
ingratiate,C2
ingratiating,C2
ingratiatingly,C2
shimmer,C2
hull,C2
cull,C2
swivel,C2
relinquish,C2
quiver,C2
quiver,C2
sandwiched,C2
mottled,C2
epoxy,C2
resin,C2
sedately,C2
angular,C2
angularity,C2
dampen,C2
buccaneer,C2
buccaneer,C2
conglomerate,C2
cay,C2
singe,C2
cordon,C2
fabled,C2
glint,C2
glint,C2
infernal,C2
infernally,C2
presentational,C2
embed,C2
plume,C2
happenstance,C2
venture,C2
reconcile,C2
reconciliation,C2
conciliatory,C2
conciliation,C2
preconception,C2
baroque,C2
virginal,C2
spire,C2
elephantine,C2
agency,C2
condone,C2
commodity,C2
commode,C2
unobtrusive,C2
unobtrusively,C2
unobtrusiveness,C2
compellingly,C2
hauntingly,C2
brim,C2
hazard,C2
authenticity,C2
scholarly,C2
accessibility,C2
cognitive,C2
artifact,C2
preservationist,C2
qualm,C2
besiege,C2
cloister,C2
cloistered,C2
annex,C2
annex,C2
resuscitate,C2
resuscitation,C2
ravish,C2
fabricate,C2
fabrication,C2
patchy,C2
patchily,C2
resounding,C2
resoundingly,C2
resound,C2
ordain,C2
inchoate,C2
inchoately,C2
elated,C2
elation,C2
hysteria,C2
hysterical,C2
hysterically,C2
jarring,C2
suffuse,C2
totter,C2
pyre,C2
contemptuous,C2
contemptuously,C2
forlorn,C2
forlornly,C2
rebuke,C2
rebuke,C2
abhorrent,C2
abhor,C2
abhorrently,C2
aberration,C2
emulsify,C2
emulsification,C2
emulsifier,C2
additive,C2
additive,C2
confection,C2
proximal,C2
vandalize,C2
vandal,C2
feign,C2
paradoxical,C2
paradoxically,C2
laryngitis,C2
stringent,C2
astringent,C2
stringently,C2
standing,C2
economize/economise,C2
breadwinner,C2
cosset,C2
counsel,C2
misdemeanor/misdemanour,C2
aptitude,C2
torrential,C2
banish,C2
banishment,C2
knack,C2
fruition,C2
tantalize/tantalise,C2
tantalizingly/tantalisingly,C2
maelstrom,C2
vortex,C2
depressive,C2
shoal,C2
scroll,C2
collide,C2
collider,C2
edifice,C2
thicket,C2
leaven,C2
leavening,C2
ethos,C2
exhibitionist,C2
interweave,C2
burgeoning,C2
indiscrete,C2
indiscretion,C2
telescopic,C2
telescopically,C2
amorphous,C2
amorphously,C2
hamper,C2
proliferate,C2
proliferation,C2
deterrent,C2
selectivity,C2
fractious,C2
mystique,C2
assimilate,C2
assimilation,C2
intersperse,C2
verbatim,C2
verbatim,C2
verily,C2
veritable,C2
verisimilitude,C2
artifice,C2
advantageous,C2
unfeasible,C2
unfeasibly,C2
behest,C2
virtuoso,C2
virtuosity,C2
cascade,C2
cascade,C2
crippling,C2
nascent,C2
smattering,C2
corpus,C2
wheeze,C2
neophyte,C2
coax,C2
formidably,C2
formidable,C2
squint,C2
hoist,C2
flatout,C2
buzzard,C2
bogus,C2
derision,C2
derisive,C2
derisively,C2
truism,C2
prurient,C2
wither,C2
prurience,C2
tetchy,C2
agile,C2
agility,C2
aghast,C2
dwarf,C2
dwarfism,C2
etch,C2
etching,C2
rapture,C2
rapturous,C2
rapturously,C2
ad lib,C2
ad-lib,C2
improvisational,C2
acrobatics,C2
acrobatically,C2
acrobatic,C2
arduous,C2
ardor/ardour,C2
arduously,C2
counterproductive,C2
counterproductively,C2
proverbial,C2
instantaneous,C2
instantaneously,C2
mull over,C2
ruminate,C2
rumination,C2
ruminant,C2
ruminative,C2
hover,C2
armory/armoury,C2
apostle,C2
blubber,C2
blubbery,C2
merger,C2
trifle,C2
trifle,C2
eke out,C2
paramount,C2
squirm,C2
squirmy,C2
floe,C2
embody,C2
embodiment,C2
wistful,C2
wistfully,C2
mercantile,C2
skew,C2
subsist,C2
subsistence,C2
subsidy,C2
subsidize,C2
legion,C2
confrontational,C2
confrontationally,C2
bout,C2
gout,C2
hinder,C2
hindrance,C2
myriad,C2
histrionic,C2
histrionically,C2
marketability,C2
promotable,C2
tacit,C2
tacitly,C2
taciturn,C2
taciturnity,C2
surreptitious,C2
surreptitiously,C2
allegory,C2
allegorical,C2
seedy,C2
punitive,C2
punitively,C2
temper,C2
milieu,C2
self-aggrandizement/self-aggrandisement,C2
unadulterated,C2
adulterate,C2
patronize/patronise,C2
patronizing/patronising,C2
patronizingly/patronisingly,C2
cogent,C2
cogently,C2
relegate,C2
incongruous,C2
incongruously,C2
incongruity,C2
deaden,C2
attuned,C2
attributive,C2
ecotourism,C2
surge,C2
surge,C2
farcical,C2
incise,C2
incipient,C2
echolocation,C2
echolocate,C2
reverb,C2
reverberation,C2
reverberate,C2
ingenuous,C2
ingenuously,C2
impresario,C2
elasticity,C2
synthesis,C2
salivary,C2
hypnotherapy,C2
wholly,C2
remorseful,C2
remonstrate,C2
remonstrance,C2
unexcused,C2
unexceptionally,C2
unexceptional,C2
inexorable,C2
inexorably,C2
inexorability,C2
tranquilize/tranquilise,C2
